{
  "args": {
    "dataset": "mnist",
    "mechanism": "dpsgd",
    "epsilon": 4.0,
    "delta": 1e-05,
    "batch_size": 256,
    "epochs": 5,
    "learning_rate": 0.15,
    "l2_norm_clip": 1.0,
    "noise_multiplier": 0.7,
    "cdp_k": 0.5,
    "cdp_m": 0.4,
    "cdp_y": 0.3,
    "cdp_index": 1,
    "results_dir": "results",
    "seed": 42
  },
  "dataset_metadata": {
    "num_classes": 10,
    "input_shape": [
      28,
      28,
      1
    ],
    "train_size": 5000
  },
  "mechanism": "dpsgd",
  "start_time": "2025-12-06 21:13:54",
  "training_history": {
    "train_loss": [
      2.2805182933807373,
      2.198992967605591,
      2.0553855895996094,
      1.8373483419418335,
      1.5647773742675781
    ],
    "val_loss": [
      2.241812229156494,
      2.1365981101989746,
      1.9611536264419556,
      1.718443751335144,
      1.454626441001892
    ],
    "val_accuracy": [
      0.24609375,
      0.3684895932674408,
      0.5078125,
      0.6236979365348816,
      0.65625
    ],
    "epsilon_per_epoch": [
      5.854623712068674,
      6.9075559440944545,
      7.907841564518946,
      8.822716694872803,
      9.368454215146055
    ]
  },
  "epsilon_estimate": 9.368454215146055,
  "final_train_accuracy": 0.6466,
  "final_test_accuracy": 0.633,
  "final_train_loss_mean": 1.4238413572311401,
  "final_test_loss_mean": 1.4472415447235107,
  "membership_inference_auc": 0.5104484
}