{
  "args": {
    "dataset": "mnist",
    "mechanism": "cdp",
    "epsilon": 2.0,
    "delta": 1e-05,
    "batch_size": 256,
    "epochs": 1,
    "learning_rate": 0.15,
    "l2_norm_clip": 1.0,
    "noise_multiplier": 1.1,
    "cdp_L": 1.0,
    "cdp_m": 0.5,
    "cdp_y": 0.05,
    "results_dir": "results",
    "seed": 42
  },
  "dataset_metadata": {
    "num_classes": 10,
    "input_shape": [
      28,
      28,
      1
    ],
    "train_size": 5000
  },
  "mechanism": "cdp",
  "start_time": "2025-12-11 18:41:19",
  "training_history": {
    "train_loss": [
      6027.2001953125
    ],
    "val_loss": [
      7149.027587890625
    ],
    "val_accuracy": [
      0.10700000077486038
    ]
  },
  "composite_dp_calibration": {
    "L": 1.0,
    "m": 1.1759999999999948,
    "y": 0.08800000000000001,
    "k": 0.5620000000000002,
    "index": 1,
    "target_variance": 1.2100000000000002,
    "empirical_variance": 0.15993059666182752
  },
  "final_train_accuracy": 0.101,
  "final_test_accuracy": 0.111,
  "final_train_loss_mean": 14.484724998474121,
  "final_test_loss_mean": 14.32898998260498,
  "membership_inference_auc": 0.4951713
}