{
  "args": {
    "dataset": "adult",
    "mechanism": "dpsgd",
    "epsilon": 1.0,
    "delta": 1e-05,
    "batch_size": 256,
    "epochs": 5,
    "learning_rate": 0.15,
    "l2_norm_clip": 1.0,
    "noise_multiplier": 2.0,
    "cdp_k": 0.5,
    "cdp_m": 0.4,
    "cdp_y": 0.3,
    "cdp_index": 1,
    "results_dir": "results",
    "seed": 42
  },
  "dataset_metadata": {
    "num_classes": 2,
    "input_shape": [
      104
    ],
    "train_size": 32559
  },
  "mechanism": "dpsgd",
  "start_time": "2025-12-06 21:57:12",
  "training_history": {
    "train_loss": [
      0.9228737354278564,
      0.7830303311347961,
      0.6648671627044678,
      0.5850772261619568,
      0.5665299296379089
    ],
    "val_loss": [
      0.8325899839401245,
      0.7549389600753784,
      0.5786679983139038,
      0.5610859990119934,
      0.522673487663269
    ],
    "val_accuracy": [
      0.7569754719734192,
      0.7583705186843872,
      0.7960379719734192,
      0.8138951063156128,
      0.8286830186843872
    ],
    "epsilon_per_epoch": [
      0.23442841000489595,
      0.28230110846057876,
      0.32826113821290276,
      0.37352895923908425,
      0.4181809872633338
    ]
  },
  "epsilon_estimate": 0.4181809872633338,
  "final_train_accuracy": 0.8316901624742775,
  "final_test_accuracy": 0.8264234383637369,
  "final_train_loss_mean": 0.5257576704025269,
  "final_test_loss_mean": 0.5288295149803162,
  "membership_inference_auc": 0.5027188928833383
}