{
  "args": {
    "dataset": "mnist",
    "mechanism": "dpsgd",
    "epsilon": 1.0,
    "delta": 1e-05,
    "batch_size": 256,
    "epochs": 5,
    "learning_rate": 0.15,
    "l2_norm_clip": 1.0,
    "noise_multiplier": 2.0,
    "cdp_k": 0.5,
    "cdp_m": 0.4,
    "cdp_y": 0.3,
    "cdp_index": 1,
    "results_dir": "results",
    "seed": 42
  },
  "dataset_metadata": {
    "num_classes": 10,
    "input_shape": [
      28,
      28,
      1
    ],
    "train_size": 5000
  },
  "mechanism": "dpsgd",
  "start_time": "2025-12-06 20:34:01",
  "training_history": {
    "train_loss": [
      2.2658371925354004,
      2.1739237308502197,
      2.0046303272247314,
      1.752711296081543,
      1.470577359199524
    ],
    "val_loss": [
      2.2280826568603516,
      2.103928327560425,
      1.8928064107894897,
      1.6226314306259155,
      1.3619298934936523
    ],
    "val_accuracy": [
      0.3697916567325592,
      0.4622395932674408,
      0.5182291865348816,
      0.5494791865348816,
      0.58203125
    ],
    "epsilon_per_epoch": [
      0.6149709581202285,
      0.8191104972173071,
      0.976132698486291,
      1.1198265073903553,
      1.2416800175415894
    ]
  },
  "epsilon_estimate": 1.2416800175415894,
  "final_train_accuracy": 0.584,
  "final_test_accuracy": 0.549,
  "final_train_loss_mean": 1.3358148336410522,
  "final_test_loss_mean": 1.371774435043335,
  "membership_inference_auc": 0.5177668
}