{
  "args": {
    "dataset": "mnist",
    "mechanism": "cdp",
    "epsilon": 8.0,
    "delta": 1e-05,
    "batch_size": 256,
    "epochs": 5,
    "learning_rate": 0.15,
    "l2_norm_clip": 1.0,
    "noise_multiplier": 0.4,
    "cdp_k": 0.5,
    "cdp_m": 0.4,
    "cdp_y": 0.3,
    "cdp_index": 1,
    "results_dir": "results",
    "seed": 42
  },
  "dataset_metadata": {
    "num_classes": 10,
    "input_shape": [
      28,
      28,
      1
    ],
    "train_size": 5000
  },
  "mechanism": "cdp",
  "start_time": "2025-12-06 21:56:44",
  "training_history": {
    "train_loss": [
      1.4483136126869602,
      0.5361076452230152,
      0.23237745699129606,
      0.14363344327399605,
      0.10024804308226234
    ],
    "val_loss": [
      1.156237800916036,
      0.33874175945917767,
      0.17618565758069357,
      0.16800651450951895,
      0.13929783552885056
    ],
    "val_accuracy": [
      0.7174479365348816,
      0.8893229365348816,
      0.9440104365348816,
      0.9479166865348816,
      0.95703125
    ]
  },
  "composite_dp_calibration": {
    "k": 0.5,
    "m": 0.4,
    "y": 0.3,
    "index": 1,
    "sensitivity": 1.0,
    "lower_bound": 0.0,
    "epsilon": 8.0
  },
  "final_train_accuracy": 0.9784,
  "final_test_accuracy": 0.952,
  "final_train_loss_mean": 0.0716949850320816,
  "final_test_loss_mean": 0.13455109298229218,
  "membership_inference_auc": 0.5371698
}